-- Admin user (password: admin123)
INSERT OR IGNORE INTO users (name, email, phone, password_hash, role, city, qualification) VALUES 
  ('Admin', 'admin@upgradedu.com', '9876543210', 'admin123', 'admin', 'Mumbai', 'MBA'),
  ('Rahul Sharma', 'rahul@test.com', '9876543211', 'pass123', 'student', 'Delhi', 'B.Tech'),
  ('Priya Patel', 'priya@test.com', '9876543212', 'pass123', 'student', 'Bangalore', 'BCA'),
  ('Amit Kumar', 'amit@test.com', '9876543213', 'pass123', 'student', 'Hyderabad', 'B.Sc'),
  ('Sneha Gupta', 'sneha@test.com', '9876543214', 'pass123', 'student', 'Pune', 'MBA'),
  ('Vikram Singh', 'vikram@test.com', '9876543215', 'pass123', 'student', 'Chennai', 'M.Tech'),
  ('Neha Joshi', 'neha@test.com', '9876543216', 'pass123', 'student', 'Jaipur', 'B.Com'),
  ('Arjun Reddy', 'arjun@test.com', '9876543217', 'pass123', 'student', 'Kolkata', 'BBA');

-- Categories
INSERT OR IGNORE INTO categories (name, slug, icon, description, sort_order) VALUES 
  ('Data Science', 'data-science', 'fa-database', 'Master data analysis, machine learning, and AI with industry-relevant programs', 1),
  ('Management', 'management', 'fa-briefcase', 'MBA and executive management programs from top business schools', 2),
  ('Software & Technology', 'software-technology', 'fa-code', 'Full stack development, cloud computing, and DevOps programs', 3),
  ('Machine Learning & AI', 'machine-learning-ai', 'fa-robot', 'Deep learning, NLP, computer vision and advanced AI programs', 4),
  ('Digital Marketing', 'digital-marketing', 'fa-bullhorn', 'SEO, SEM, social media marketing and growth hacking programs', 5),
  ('Cyber Security', 'cyber-security', 'fa-shield-halved', 'Network security, ethical hacking and information security programs', 6),
  ('Product Management', 'product-management', 'fa-diagram-project', 'Product strategy, roadmapping, and agile product management', 7),
  ('Blockchain', 'blockchain', 'fa-link', 'Smart contracts, DeFi, and distributed ledger technology programs', 8);

-- Courses
INSERT OR IGNORE INTO courses (title, slug, subtitle, short_description, category_id, university, instructor_name, instructor_title, duration_weeks, price, original_price, emi_available, emi_amount, level, rating, total_reviews, total_enrolled, total_modules, total_hours, certificate_type, skills, highlights, is_featured, is_trending, start_date) VALUES 
  ('Master of Science in Data Science', 'ms-data-science', 'From IIIT Bangalore & Liverpool John Moores University', 'Earn a globally recognized degree in Data Science with hands-on projects and industry mentorship from IIIT Bangalore.', 1, 'IIIT Bangalore', 'Dr. Srinath Srinivasa', 'Professor, IIIT Bangalore', 72, 325000, 450000, 1, 8999, 'Advanced', 4.8, 3240, 12500, 24, 500, 'MSc Degree', 'Python,Machine Learning,Deep Learning,NLP,Statistics,Big Data,SQL,Tableau', 'Industry projects with real datasets,Live sessions with industry mentors,500+ hours of learning,Career assistance with top companies', 1, 1, '2026-04-15'),
  ('Executive PG Programme in Management', 'epgp-management', 'From IIM Kozhikode', 'Fast-track your career with this prestigious executive management program from one of India top IIMs.', 2, 'IIM Kozhikode', 'Prof. Debashis Chatterjee', 'Director, IIM Kozhikode', 52, 280000, 375000, 1, 7499, 'Executive', 4.7, 2180, 8900, 20, 400, 'Executive PG Certificate', 'Strategic Management,Financial Management,Marketing,Operations,Leadership,Business Analytics', 'IIM Kozhikode Alumni Status,Campus immersion module,Live sessions with IIM faculty,Industry capstone project', 1, 0, '2026-05-01'),
  ('Professional Certificate in Full Stack Development', 'fullstack-development', 'From IIIT Bangalore', 'Become a full stack developer with expertise in MERN stack, system design, and cloud deployment.', 3, 'IIIT Bangalore', 'Prof. Chandrashekar Ramanathan', 'Professor, IIIT Bangalore', 36, 125000, 175000, 1, 3499, 'Intermediate', 4.6, 4560, 18200, 16, 350, 'Professional Certificate', 'JavaScript,React,Node.js,MongoDB,Express,HTML/CSS,Git,AWS,Docker,System Design', '15+ real-world projects,Hackathon challenges,1:1 mentorship sessions,Job assistance guarantee', 1, 1, '2026-04-01'),
  ('Advanced Certificate in Machine Learning & Deep Learning', 'ml-deep-learning', 'From IIT Madras', 'Master neural networks, computer vision, and NLP with cutting-edge curriculum designed by IIT Madras faculty.', 4, 'IIT Madras', 'Dr. Balaraman Ravindran', 'Head of AI, IIT Madras', 44, 195000, 275000, 1, 5499, 'Advanced', 4.9, 1890, 7200, 18, 420, 'Advanced Certificate', 'TensorFlow,PyTorch,Computer Vision,NLP,GANs,Reinforcement Learning,MLOps', 'Research paper publication support,GPU-powered labs,IIT Madras faculty mentorship,Capstone with industry partner', 1, 1, '2026-04-10'),
  ('PG Certification in Digital Marketing', 'digital-marketing-pg', 'From MICA Ahmedabad', 'Comprehensive digital marketing program covering SEO, performance marketing, and growth strategies.', 5, 'MICA Ahmedabad', 'Prof. Shailendra Pratap Jain', 'Professor, MICA', 24, 95000, 135000, 1, 2699, 'Intermediate', 4.5, 5670, 22000, 14, 280, 'PG Certificate', 'SEO,SEM,Google Ads,Facebook Marketing,Content Marketing,Analytics,Email Marketing,Growth Hacking', 'Live campaigns with real budgets,MICA campus visit,Industry mentor from Google/Meta,Portfolio of 10+ campaigns', 0, 1, '2026-03-25'),
  ('Advanced Certificate in Cyber Security', 'cyber-security-cert', 'From IIIT Bangalore', 'Protect organizations from cyber threats with this comprehensive security program.', 6, 'IIIT Bangalore', 'Dr. Phani Kumar V', 'Associate Professor, IIIT Bangalore', 32, 150000, 210000, 1, 4199, 'Advanced', 4.6, 1450, 5600, 15, 320, 'Advanced Certificate', 'Ethical Hacking,Penetration Testing,Network Security,SIEM,Forensics,Compliance,Cloud Security', 'Virtual cybersecurity lab access,CTF competitions,Real-world threat simulations,Industry certification prep', 0, 0, '2026-05-15'),
  ('Executive PG Programme in Product Management', 'product-management-epgp', 'From Duke Corporate Education', 'Lead product strategy and build world-class products with mentorship from Silicon Valley leaders.', 7, 'Duke CE', 'Prof. Ashwin Mahalingam', 'Faculty, Duke CE', 40, 225000, 310000, 1, 6299, 'Executive', 4.7, 980, 4200, 16, 380, 'Executive PG Certificate', 'Product Strategy,User Research,Agile,Roadmapping,A/B Testing,SQL,Wireframing,Go-To-Market', 'Silicon Valley immersion,Product teardown workshops,Mentor from FAANG companies,Build a real product MVP', 1, 0, '2026-04-20'),
  ('PG Diploma in Blockchain Technology', 'blockchain-pg', 'From IIT Kanpur', 'Explore decentralized systems, smart contracts, and Web3 with IIT Kanpur experts.', 8, 'IIT Kanpur', 'Prof. Sandeep Shukla', 'Professor, IIT Kanpur', 28, 110000, 160000, 1, 3099, 'Intermediate', 4.4, 720, 2800, 12, 260, 'PG Diploma', 'Solidity,Ethereum,Smart Contracts,DeFi,NFTs,Hyperledger,Cryptography,Web3', 'Build and deploy smart contracts,DApp development projects,IIT Kanpur certificate,Blockchain startup mentorship', 0, 0, '2026-05-10'),
  ('MBA Degree', 'online-mba', 'From Liverpool Business School', 'Earn an international MBA degree while working with flexible online learning and global networking.', 2, 'Liverpool Business School', 'Prof. David Bamber', 'Dean, Liverpool Business School', 78, 475000, 625000, 1, 12999, 'Executive', 4.8, 6200, 25000, 28, 720, 'MBA Degree', 'Strategy,Finance,Marketing,HR,Operations,Entrepreneurship,Analytics,Leadership', 'UK MBA degree recognition,Global alumni network of 50000+,6 specializations to choose from,Dissertation with industry guide', 1, 1, '2026-04-01'),
  ('Advanced Certificate in Data Science & Analytics', 'data-science-analytics', 'From IIT Delhi', 'Learn statistical analysis, predictive modeling, and business intelligence from IIT Delhi professors.', 1, 'IIT Delhi', 'Prof. Amitabha Bagchi', 'Professor, IIT Delhi', 30, 165000, 225000, 1, 4599, 'Intermediate', 4.7, 2340, 9800, 14, 300, 'Advanced Certificate', 'Python,R,SQL,Tableau,Power BI,Statistics,Predictive Modeling,EDA', 'IIT Delhi campus immersion,Real company datasets,Industry mentor matching,Career transition support', 0, 1, '2026-04-05'),
  ('Professional Certificate in Cloud Computing & DevOps', 'cloud-devops', 'From upGrad & IIIT Bangalore', 'Master AWS, Azure, Kubernetes and CI/CD pipelines to become a cloud-native engineer.', 3, 'IIIT Bangalore', 'Prof. S Rajagopalan', 'Senior Professor, IIIT Bangalore', 32, 135000, 190000, 1, 3799, 'Intermediate', 4.5, 1870, 7500, 14, 310, 'Professional Certificate', 'AWS,Azure,Docker,Kubernetes,Terraform,Jenkins,GitHub Actions,Linux,Monitoring', 'AWS/Azure certification prep,Real production deployments,Infrastructure as Code labs,Site Reliability Engineering', 0, 0, '2026-04-15'),
  ('Executive Certificate in AI for Business Leaders', 'ai-business-leaders', 'From IIM Lucknow', 'Understand AI strategy, implementation, and governance for senior business leaders.', 4, 'IIM Lucknow', 'Prof. Nishant Kumar Verma', 'Professor, IIM Lucknow', 16, 85000, 120000, 1, 2399, 'Executive', 4.6, 560, 3100, 10, 160, 'Executive Certificate', 'AI Strategy,ML Fundamentals,Data-Driven Decision Making,AI Ethics,Automation,Digital Transformation', 'IIM Lucknow alumni status,CXO guest lectures,AI business case studies,Board-level AI governance framework', 0, 0, '2026-05-01');

-- Course Modules for MS Data Science
INSERT OR IGNORE INTO course_modules (course_id, title, description, duration_hours, sort_order, lessons_count) VALUES 
  (1, 'Introduction to Data Science', 'Fundamentals of data science, Python programming, and data manipulation', 25, 1, 12),
  (1, 'Statistics & Probability', 'Descriptive and inferential statistics, probability theory, hypothesis testing', 30, 2, 15),
  (1, 'Machine Learning', 'Supervised and unsupervised learning algorithms, model evaluation', 40, 3, 20),
  (1, 'Deep Learning & Neural Networks', 'Neural network architectures, CNNs, RNNs, transformers', 35, 4, 18),
  (1, 'Natural Language Processing', 'Text processing, sentiment analysis, language models', 30, 5, 14),
  (1, 'Big Data Engineering', 'Hadoop, Spark, data pipelines, distributed computing', 35, 6, 16),
  (1, 'Data Visualization & Business Intelligence', 'Tableau, Power BI, storytelling with data', 25, 7, 12),
  (1, 'Capstone Project', 'End-to-end data science project with industry partner', 40, 8, 8);

-- Course Modules for Full Stack Development
INSERT OR IGNORE INTO course_modules (course_id, title, description, duration_hours, sort_order, lessons_count) VALUES 
  (3, 'HTML, CSS & JavaScript Fundamentals', 'Web development basics, responsive design, modern CSS', 30, 1, 18),
  (3, 'Advanced JavaScript & ES6+', 'Closures, promises, async/await, functional programming', 25, 2, 14),
  (3, 'React.js & Frontend Architecture', 'Component patterns, state management, hooks, performance', 35, 3, 20),
  (3, 'Node.js & Express Backend', 'REST APIs, middleware, authentication, database integration', 35, 4, 18),
  (3, 'MongoDB & Database Design', 'NoSQL databases, aggregation pipeline, indexing, optimization', 25, 5, 12),
  (3, 'System Design & Architecture', 'Scalable system design, microservices, caching, load balancing', 30, 6, 14),
  (3, 'DevOps & Cloud Deployment', 'Docker, CI/CD, AWS deployment, monitoring', 25, 7, 12),
  (3, 'Capstone Project', 'Full-stack application with real-world requirements', 35, 8, 8);

-- Enrollments
INSERT OR IGNORE INTO enrollments (user_id, course_id, status, progress, payment_status, payment_amount) VALUES 
  (2, 1, 'active', 45, 'paid', 325000),
  (2, 3, 'active', 72, 'paid', 125000),
  (3, 3, 'active', 38, 'paid', 125000),
  (3, 5, 'completed', 100, 'paid', 95000),
  (4, 1, 'active', 15, 'paid', 325000),
  (4, 4, 'active', 60, 'paid', 195000),
  (5, 2, 'active', 82, 'paid', 280000),
  (5, 9, 'active', 25, 'paid', 475000),
  (6, 4, 'active', 90, 'paid', 195000),
  (6, 6, 'active', 55, 'paid', 150000),
  (7, 5, 'active', 68, 'paid', 95000),
  (7, 7, 'active', 40, 'paid', 225000),
  (8, 3, 'completed', 100, 'paid', 125000),
  (8, 10, 'active', 30, 'paid', 165000);

-- Testimonials
INSERT OR IGNORE INTO testimonials (user_name, user_title, user_company, content, course_id, rating, is_featured) VALUES 
  ('Ananya Krishnan', 'Senior Data Analyst', 'Google India', 'The MS in Data Science program transformed my career. Within 6 months of completion, I moved from a junior analyst role to leading a data team at Google. The hands-on projects and mentorship were invaluable.', 1, 5, 1),
  ('Rohit Menon', 'Product Manager', 'Amazon', 'The IIM Kozhikode management program gave me the strategic thinking skills I needed. The campus immersion was an incredible experience that connected me with brilliant minds.', 2, 5, 1),
  ('Deepika Nair', 'Full Stack Developer', 'Microsoft', 'I switched from a non-tech background to software development thanks to this program. The project-based curriculum and mock interviews prepared me perfectly for my role at Microsoft.', 3, 5, 1),
  ('Karthik Rajan', 'ML Engineer', 'NVIDIA', 'Dr. Ravindran''s teaching methodology at IIT Madras is exceptional. This program didn''t just teach me algorithms - it taught me to think like a researcher. Now I work on cutting-edge ML at NVIDIA.', 4, 5, 1),
  ('Meera Agarwal', 'Digital Marketing Head', 'Flipkart', 'MICA''s digital marketing program is industry-leading. The live campaign projects with real budgets gave me experience that no textbook could match.', 5, 5, 1),
  ('Siddharth Jain', 'CTO', 'HealthTech Startup', 'The cybersecurity program gave me the expertise to build secure systems from day one. Our startup handles sensitive health data, and this knowledge is critical.', 6, 4, 0),
  ('Pooja Sharma', 'VP Product', 'Razorpay', 'Duke CE''s product management program is world-class. The Silicon Valley immersion changed my perspective on building products. I was promoted within 3 months of completing the program.', 7, 5, 1),
  ('Arun Deshmukh', 'MBA Graduate', 'Deloitte', 'Getting an MBA from Liverpool Business School while working full-time seemed impossible, but the flexible learning format made it achievable. The ROI has been phenomenal.', 9, 5, 1);

-- University Partners
INSERT OR IGNORE INTO partners (name, logo, website, sort_order) VALUES 
  ('IIT Madras', 'iit-madras', 'https://www.iitm.ac.in', 1),
  ('IIM Kozhikode', 'iim-kozhikode', 'https://www.iimk.ac.in', 2),
  ('IIIT Bangalore', 'iiit-bangalore', 'https://www.iiitb.ac.in', 3),
  ('IIT Delhi', 'iit-delhi', 'https://www.iitd.ac.in', 4),
  ('IIT Kanpur', 'iit-kanpur', 'https://www.iitk.ac.in', 5),
  ('MICA Ahmedabad', 'mica', 'https://www.mica.ac.in', 6),
  ('Liverpool Business School', 'liverpool', 'https://www.ljmu.ac.uk', 7),
  ('Duke CE', 'duke-ce', 'https://www.dukece.com', 8),
  ('IIM Lucknow', 'iim-lucknow', 'https://www.iiml.ac.in', 9),
  ('BITS Pilani', 'bits-pilani', 'https://www.bits-pilani.ac.in', 10);

-- Blog Posts (enhanced with full content)
INSERT OR IGNORE INTO blog_posts (title, slug, excerpt, content, content_html, author_name, category, tags, views, reading_time, is_published, is_featured, meta_title, meta_description) VALUES 
  ('Top 10 Data Science Skills You Need in 2026', 'data-science-skills-2026', 'The data science landscape is evolving rapidly. Here are the most in-demand skills that employers are looking for in 2026 and beyond.', '<h2>The Evolving Data Science Landscape</h2><p>Data science continues to be one of the most sought-after career paths in 2026. With the rapid advancement of AI and machine learning technologies, the skills required for data scientists have evolved significantly.</p><h2>Top Skills in Demand</h2><h3>1. Python & Advanced Libraries</h3><p>Python remains the undisputed king of data science programming. Mastery of libraries like Pandas, NumPy, Scikit-learn, and the newer Polars framework is essential. Companies expect data scientists to write production-quality code, not just notebook experiments.</p><h3>2. Machine Learning Engineering</h3><p>The line between data science and ML engineering continues to blur. Understanding MLOps, model deployment, monitoring, and CI/CD for ML pipelines is now a baseline requirement at top companies.</p><h3>3. Large Language Models (LLMs)</h3><p>With the explosion of generative AI, understanding how to fine-tune, evaluate, and deploy LLMs has become critical. Prompt engineering, RAG systems, and model optimization are highly valued skills.</p><h3>4. Statistical Modeling</h3><p>Despite the hype around deep learning, strong statistical foundations remain invaluable. A/B testing, causal inference, and Bayesian methods are essential for making data-driven business decisions.</p><h3>5. Data Engineering Fundamentals</h3><p>Modern data scientists need to understand data pipelines, distributed computing with Spark, and cloud data warehouses like Snowflake and BigQuery. The ability to work with messy, real-world data is what separates good data scientists from great ones.</p><h2>How to Build These Skills</h2><p>The best way to develop these skills is through structured learning programs that combine theory with hands-on projects. Programs like our MS in Data Science offer industry-mentored capstone projects that give you real-world experience.</p><blockquote>The future belongs to those who can not just analyze data, but turn insights into actionable business outcomes.</blockquote><p>Whether you are just starting your data science journey or looking to level up, focusing on these skills will position you for success in 2026 and beyond.</p>', '<h2>The Evolving Data Science Landscape</h2><p>Data science continues to be one of the most sought-after career paths in 2026. With the rapid advancement of AI and machine learning technologies, the skills required for data scientists have evolved significantly.</p><h2>Top Skills in Demand</h2><h3>1. Python & Advanced Libraries</h3><p>Python remains the undisputed king of data science programming. Mastery of libraries like Pandas, NumPy, Scikit-learn, and the newer Polars framework is essential. Companies expect data scientists to write production-quality code, not just notebook experiments.</p><h3>2. Machine Learning Engineering</h3><p>The line between data science and ML engineering continues to blur. Understanding MLOps, model deployment, monitoring, and CI/CD for ML pipelines is now a baseline requirement at top companies.</p><h3>3. Large Language Models (LLMs)</h3><p>With the explosion of generative AI, understanding how to fine-tune, evaluate, and deploy LLMs has become critical. Prompt engineering, RAG systems, and model optimization are highly valued skills.</p><h3>4. Statistical Modeling</h3><p>Despite the hype around deep learning, strong statistical foundations remain invaluable. A/B testing, causal inference, and Bayesian methods are essential for making data-driven business decisions.</p><h3>5. Data Engineering Fundamentals</h3><p>Modern data scientists need to understand data pipelines, distributed computing with Spark, and cloud data warehouses like Snowflake and BigQuery. The ability to work with messy, real-world data is what separates good data scientists from great ones.</p><h2>How to Build These Skills</h2><p>The best way to develop these skills is through structured learning programs that combine theory with hands-on projects. Programs like our MS in Data Science offer industry-mentored capstone projects that give you real-world experience.</p><blockquote>The future belongs to those who can not just analyze data, but turn insights into actionable business outcomes.</blockquote><p>Whether you are just starting your data science journey or looking to level up, focusing on these skills will position you for success in 2026 and beyond.</p>', 'Dr. Srinath Srinivasa', 'Data Science', 'data science,skills,career,2026,python,machine learning', 15420, 8, 1, 1, 'Top 10 Data Science Skills for 2026 | UpgradeEdu', 'Discover the most in-demand data science skills for 2026 including Python, MLOps, LLMs, and more.'),
  ('Why an MBA is Still Worth It: A 2026 Perspective', 'mba-worth-2026', 'Despite debates about the value of traditional education, an MBA continues to offer significant career advantages. Here is the latest data.', '<h2>The MBA Debate in 2026</h2><p>Every year, pundits declare the MBA dead. And every year, applications to top business schools hit new records. So what is the truth? Is an MBA still worth the investment in 2026?</p><h2>The Numbers Speak</h2><p>According to the latest GMAC survey, MBA graduates see an average salary increase of 77% post-graduation. For executive programs from top institutions like IIM Kozhikode, the ROI typically materializes within 2-3 years.</p><h3>Key Benefits</h3><p><strong>Network Effect:</strong> Your MBA cohort becomes your professional network for life. Alumni connections from top programs open doors that no amount of cold outreach can match.</p><p><strong>Strategic Thinking:</strong> MBA programs teach you to think holistically about business problems, considering financial, operational, and human factors simultaneously.</p><p><strong>Career Acceleration:</strong> Mid-career professionals who complete an MBA see accelerated career growth compared to peers who rely solely on experience.</p><h2>Choosing the Right Program</h2><p>Not all MBAs are equal. The key factors to consider are university reputation, alumni network strength, specialization options, and learning format flexibility. For working professionals, an online MBA from a reputed university offers the best of both worlds.</p><p>Programs like our MBA from Liverpool Business School provide UK-recognized degree with flexible online learning, making it possible to earn your MBA without putting your career on hold.</p>', '<h2>The MBA Debate in 2026</h2><p>Every year, pundits declare the MBA dead. And every year, applications to top business schools hit new records. So what is the truth? Is an MBA still worth the investment in 2026?</p><h2>The Numbers Speak</h2><p>According to the latest GMAC survey, MBA graduates see an average salary increase of 77% post-graduation. For executive programs from top institutions like IIM Kozhikode, the ROI typically materializes within 2-3 years.</p><h3>Key Benefits</h3><p><strong>Network Effect:</strong> Your MBA cohort becomes your professional network for life. Alumni connections from top programs open doors that no amount of cold outreach can match.</p><p><strong>Strategic Thinking:</strong> MBA programs teach you to think holistically about business problems, considering financial, operational, and human factors simultaneously.</p><p><strong>Career Acceleration:</strong> Mid-career professionals who complete an MBA see accelerated career growth compared to peers who rely solely on experience.</p><h2>Choosing the Right Program</h2><p>Not all MBAs are equal. The key factors to consider are university reputation, alumni network strength, specialization options, and learning format flexibility. For working professionals, an online MBA from a reputed university offers the best of both worlds.</p><p>Programs like our MBA from Liverpool Business School provide UK-recognized degree with flexible online learning, making it possible to earn your MBA without putting your career on hold.</p>', 'Prof. David Bamber', 'Management', 'mba,career,roi,management,business', 12350, 6, 1, 0, 'Is an MBA Still Worth It in 2026? | UpgradeEdu', 'Explore whether an MBA degree is still a worthwhile investment in 2026 with salary data and career insights.'),
  ('The Complete Guide to Switching to Tech', 'career-switch-guide-tech', 'Thinking of transitioning to a tech career? This comprehensive guide covers everything from skill assessment to landing your first role.', '<h2>Making the Leap to Tech</h2><p>The tech industry continues to offer some of the most rewarding career opportunities in 2026. Whether you are coming from finance, marketing, healthcare, or any other background, switching to tech is more achievable than ever.</p><h2>Step 1: Assess Your Transferable Skills</h2><p>You already have valuable skills that tech companies need. Analytical thinking, project management, communication, and domain expertise are all highly valued in tech roles.</p><h2>Step 2: Choose Your Path</h2><p>Tech is not just about coding. Consider these popular transition paths:</p><ul><li><strong>Product Management:</strong> Great for business-minded people</li><li><strong>Data Analytics:</strong> Perfect for numbers-oriented professionals</li><li><strong>UX Design:</strong> Ideal for creative problem-solvers</li><li><strong>Software Development:</strong> For those who want to build</li></ul><h2>Step 3: Structured Learning</h2><p>Self-learning has limits. A structured program with mentorship, projects, and career support dramatically increases your success rate. Our Full Stack Development program has helped over 18,000 career switchers land their first tech role.</p><h2>Step 4: Build Your Portfolio</h2><p>Employers want to see what you can do, not just what you have learned. Focus on building 3-5 strong portfolio projects that demonstrate your skills and problem-solving ability.</p><h2>Success Stories</h2><p>Deepika Nair switched from a non-tech background to a Full Stack Developer role at Microsoft after completing our program. Read her full story on our success stories page.</p>', '<h2>Making the Leap to Tech</h2><p>The tech industry continues to offer some of the most rewarding career opportunities in 2026. Whether you are coming from finance, marketing, healthcare, or any other background, switching to tech is more achievable than ever.</p><h2>Step 1: Assess Your Transferable Skills</h2><p>You already have valuable skills that tech companies need. Analytical thinking, project management, communication, and domain expertise are all highly valued in tech roles.</p><h2>Step 2: Choose Your Path</h2><p>Tech is not just about coding. Consider these popular transition paths:</p><ul><li><strong>Product Management:</strong> Great for business-minded people</li><li><strong>Data Analytics:</strong> Perfect for numbers-oriented professionals</li><li><strong>UX Design:</strong> Ideal for creative problem-solvers</li><li><strong>Software Development:</strong> For those who want to build</li></ul><h2>Step 3: Structured Learning</h2><p>Self-learning has limits. A structured program with mentorship, projects, and career support dramatically increases your success rate. Our Full Stack Development program has helped over 18,000 career switchers land their first tech role.</p><h2>Step 4: Build Your Portfolio</h2><p>Employers want to see what you can do, not just what you have learned. Focus on building 3-5 strong portfolio projects that demonstrate your skills and problem-solving ability.</p><h2>Success Stories</h2><p>Deepika Nair switched from a non-tech background to a Full Stack Developer role at Microsoft after completing our program. Read her full story on our success stories page.</p>', 'Deepika Nair', 'Career', 'career switch,tech,programming,guide,development', 28900, 10, 1, 1, 'Complete Guide to Switching to a Tech Career | UpgradeEdu', 'A step-by-step guide for career switchers looking to transition into tech roles.'),
  ('Machine Learning vs Deep Learning: What to Learn First', 'ml-vs-deep-learning', 'Understanding the distinction between ML and DL is crucial for planning your learning path. We break down the differences and recommendations.', '<h2>ML vs DL: The Essential Guide</h2><p>One of the most common questions from aspiring AI professionals is: should I start with Machine Learning or Deep Learning? The answer depends on your goals, background, and the problems you want to solve.</p><h2>What is Machine Learning?</h2><p>Machine Learning is the broader field that encompasses algorithms that learn from data. This includes decision trees, random forests, SVMs, and linear regression. These algorithms are interpretable, require less data, and are perfect for structured data problems.</p><h2>What is Deep Learning?</h2><p>Deep Learning is a subset of ML that uses neural networks with multiple layers. It excels at unstructured data like images, text, and audio. Think computer vision, NLP, and speech recognition.</p><h2>Our Recommendation</h2><p>Start with Machine Learning fundamentals, then advance to Deep Learning. A strong ML foundation will make DL concepts much easier to grasp. Our Advanced Certificate in ML & Deep Learning from IIT Madras follows this exact progression.</p>', '<h2>ML vs DL: The Essential Guide</h2><p>One of the most common questions from aspiring AI professionals is: should I start with Machine Learning or Deep Learning? The answer depends on your goals, background, and the problems you want to solve.</p><h2>What is Machine Learning?</h2><p>Machine Learning is the broader field that encompasses algorithms that learn from data. This includes decision trees, random forests, SVMs, and linear regression. These algorithms are interpretable, require less data, and are perfect for structured data problems.</p><h2>What is Deep Learning?</h2><p>Deep Learning is a subset of ML that uses neural networks with multiple layers. It excels at unstructured data like images, text, and audio. Think computer vision, NLP, and speech recognition.</p><h2>Our Recommendation</h2><p>Start with Machine Learning fundamentals, then advance to Deep Learning. A strong ML foundation will make DL concepts much easier to grasp. Our Advanced Certificate in ML & Deep Learning from IIT Madras follows this exact progression.</p>', 'Dr. Balaraman Ravindran', 'AI/ML', 'machine learning,deep learning,ai,career,comparison', 19870, 7, 1, 0, 'Machine Learning vs Deep Learning: Which to Learn First | UpgradeEdu', 'Compare ML and DL approaches and find the right learning path for your AI career.'),
  ('Digital Marketing Salary Guide India 2026', 'digital-marketing-salary-2026', 'A comprehensive look at digital marketing salaries across different roles, experience levels, and cities in India.', '<h2>Digital Marketing Salaries in India: 2026 Edition</h2><p>Digital marketing continues to be one of the fastest-growing career domains in India. With increasing digital ad spend and the rise of performance marketing, salaries have seen significant growth across all levels.</p><h2>Entry Level (0-2 years)</h2><p><strong>SEO Executive:</strong> 3-5 LPA</p><p><strong>Social Media Coordinator:</strong> 3-6 LPA</p><p><strong>Content Writer:</strong> 3-5 LPA</p><h2>Mid Level (3-5 years)</h2><p><strong>Performance Marketing Manager:</strong> 8-15 LPA</p><p><strong>SEO Manager:</strong> 7-12 LPA</p><p><strong>Brand Manager:</strong> 10-18 LPA</p><h2>Senior Level (6+ years)</h2><p><strong>Head of Digital Marketing:</strong> 20-40 LPA</p><p><strong>VP Marketing:</strong> 30-60 LPA</p><p><strong>CMO:</strong> 50 LPA+</p><h2>How to Maximize Your Earning Potential</h2><p>Certifications from reputed institutions, hands-on experience with real campaigns, and a strong portfolio are key differentiators. Our PG Certification from MICA Ahmedabad is designed to give you all three.</p>', '<h2>Digital Marketing Salaries in India: 2026 Edition</h2><p>Digital marketing continues to be one of the fastest-growing career domains in India. With increasing digital ad spend and the rise of performance marketing, salaries have seen significant growth across all levels.</p><h2>Entry Level (0-2 years)</h2><p><strong>SEO Executive:</strong> 3-5 LPA</p><p><strong>Social Media Coordinator:</strong> 3-6 LPA</p><p><strong>Content Writer:</strong> 3-5 LPA</p><h2>Mid Level (3-5 years)</h2><p><strong>Performance Marketing Manager:</strong> 8-15 LPA</p><p><strong>SEO Manager:</strong> 7-12 LPA</p><p><strong>Brand Manager:</strong> 10-18 LPA</p><h2>Senior Level (6+ years)</h2><p><strong>Head of Digital Marketing:</strong> 20-40 LPA</p><p><strong>VP Marketing:</strong> 30-60 LPA</p><p><strong>CMO:</strong> 50 LPA+</p><h2>How to Maximize Your Earning Potential</h2><p>Certifications from reputed institutions, hands-on experience with real campaigns, and a strong portfolio are key differentiators. Our PG Certification from MICA Ahmedabad is designed to give you all three.</p>', 'Prof. Shailendra Jain', 'Marketing', 'digital marketing,salary,india,2026,career', 34200, 5, 1, 0, 'Digital Marketing Salary Guide India 2026 | UpgradeEdu', 'Comprehensive salary data for digital marketing professionals in India across all levels.'),
  ('How to Crack Product Management Interviews', 'pm-interview-guide', 'Former FAANG PMs share their insider tips on acing product management interviews at top tech companies.', '<h2>PM Interviews: A Complete Guide</h2><p>Product management interviews at top tech companies are notoriously challenging. They test a unique combination of analytical thinking, creativity, business acumen, and communication skills. Here is how to prepare.</p><h2>Types of PM Interview Questions</h2><h3>Product Design</h3><p>Example: Design a product for elderly people to stay connected with family. Focus on user empathy, structured thinking, and creative solutions.</p><h3>Analytical/Estimation</h3><p>Example: How many WhatsApp messages are sent in India daily? Show your structured approach to estimation problems.</p><h3>Strategy</h3><p>Example: Should Swiggy launch a grocery delivery service? Demonstrate strategic thinking with market analysis, competitive landscape, and go-to-market planning.</p><h3>Behavioral</h3><p>Example: Tell me about a time you had to make a difficult product decision with incomplete data. Use the STAR method.</p><h2>Preparation Tips</h2><p>Practice daily with frameworks like CIRCLES for product design. Read PM case studies. Build a side project. Network with current PMs. Consider a structured program like our Executive PG in Product Management from Duke CE for comprehensive preparation.</p>', '<h2>PM Interviews: A Complete Guide</h2><p>Product management interviews at top tech companies are notoriously challenging. They test a unique combination of analytical thinking, creativity, business acumen, and communication skills. Here is how to prepare.</p><h2>Types of PM Interview Questions</h2><h3>Product Design</h3><p>Example: Design a product for elderly people to stay connected with family. Focus on user empathy, structured thinking, and creative solutions.</p><h3>Analytical/Estimation</h3><p>Example: How many WhatsApp messages are sent in India daily? Show your structured approach to estimation problems.</p><h3>Strategy</h3><p>Example: Should Swiggy launch a grocery delivery service? Demonstrate strategic thinking with market analysis, competitive landscape, and go-to-market planning.</p><h3>Behavioral</h3><p>Example: Tell me about a time you had to make a difficult product decision with incomplete data. Use the STAR method.</p><h2>Preparation Tips</h2><p>Practice daily with frameworks like CIRCLES for product design. Read PM case studies. Build a side project. Network with current PMs. Consider a structured program like our Executive PG in Product Management from Duke CE for comprehensive preparation.</p>', 'Pooja Sharma', 'Product', 'product management,interview,faang,tips,career', 22100, 9, 1, 0, 'How to Crack PM Interviews at FAANG Companies | UpgradeEdu', 'Expert tips from former FAANG PMs on acing product management interviews.');

-- Blog Categories
INSERT OR IGNORE INTO blog_categories (name, slug, description, sort_order) VALUES
  ('Data Science', 'data-science', 'Articles about data science, analytics, and AI', 1),
  ('Management', 'management', 'MBA, leadership, and business management insights', 2),
  ('Career', 'career', 'Career guidance, job hunting tips, and salary insights', 3),
  ('AI/ML', 'ai-ml', 'Artificial intelligence and machine learning topics', 4),
  ('Marketing', 'marketing', 'Digital marketing, branding, and growth strategies', 5),
  ('Product', 'product', 'Product management, strategy, and design thinking', 6),
  ('Technology', 'technology', 'Software development, cloud, DevOps, and more', 7);

-- Course FAQs (for MS Data Science - course 1)
INSERT OR IGNORE INTO course_faqs (course_id, question, answer, sort_order) VALUES
  (1, 'What are the eligibility criteria for this program?', 'You need a bachelor degree in any discipline with minimum 50% marks. Basic knowledge of mathematics and statistics is preferred but not mandatory. Working professionals with 1+ years of experience are ideal candidates.', 1),
  (1, 'Is this an online or offline program?', 'This is a 100% online program with live sessions, recorded lectures, and hands-on projects. You can learn at your own pace while working. There are optional campus immersion sessions at IIIT Bangalore.', 2),
  (1, 'What kind of career support do you provide?', 'We offer comprehensive career assistance including resume building, mock interviews, LinkedIn profile optimization, job referrals with 300+ hiring partners, and 1-on-1 career mentoring sessions.', 3),
  (1, 'Can I pay in installments?', 'Yes! We offer no-cost EMI options starting from INR 8,999/month. We also have tie-ups with leading banks and NBFCs for education loans with attractive interest rates.', 4),
  (1, 'What tools and technologies will I learn?', 'You will gain hands-on experience with Python, R, SQL, Tableau, Power BI, TensorFlow, Scikit-learn, Spark, Hadoop, Git, Jupyter Notebooks, and cloud platforms like AWS and GCP.', 5);

-- Course FAQs (for Full Stack - course 3)
INSERT OR IGNORE INTO course_faqs (course_id, question, answer, sort_order) VALUES
  (3, 'Do I need prior coding experience?', 'No prior coding experience is required. The program starts from the fundamentals of HTML, CSS, and JavaScript. However, basic computer literacy and problem-solving skills are expected.', 1),
  (3, 'What is the project component like?', 'You will build 15+ real-world projects throughout the program, including a capstone project. Projects range from building responsive websites to full-stack e-commerce applications with payment integration.', 2),
  (3, 'Is there a job guarantee?', 'While we do not offer a literal job guarantee, our placement assistance program has a 94% placement rate within 6 months of program completion. We connect you with 300+ hiring partners including top tech companies.', 3),
  (3, 'How many hours per week do I need to dedicate?', 'Plan for approximately 10-15 hours per week. This includes live sessions (3-4 hours), self-paced learning (4-5 hours), and project work (3-5 hours). The flexible format allows you to learn alongside your job.', 4);

-- Leads
INSERT OR IGNORE INTO leads (name, email, phone, course_interest, experience, status) VALUES 
  ('Raj Malhotra', 'raj.m@gmail.com', '9988776655', 'Data Science', '3 years', 'new'),
  ('Simran Kaur', 'simran.k@yahoo.com', '8877665544', 'Full Stack Development', '1 year', 'contacted'),
  ('Varun Nair', 'varun.n@outlook.com', '7766554433', 'MBA', '5 years', 'new'),
  ('Divya Reddy', 'divya.r@gmail.com', '6655443322', 'Digital Marketing', '2 years', 'converted');

-- Site Settings
INSERT OR IGNORE INTO site_settings (setting_key, setting_value) VALUES
  ('announcement', 'Admissions Open for April 2026 Batch'),
  ('hero_cta', 'Explore Programs'),
  ('footer_copyright', '2026 UpgradeEDU. All rights reserved.'),
  ('contact_email', 'hello@upgradeedu.com');

-- CMS: Homepage sample page layout
INSERT OR IGNORE INTO site_pages (page_key, title, layout_json, draft_json, is_published, meta_title, meta_description) VALUES
  ('homepage', 'Home', '[]', '[]', 1, 'UpgradeEdu - India''s Leading Online Education Platform', 'Get degrees and certificates from top universities like IITs and IIMs.');
